cust_id,credit_limit_count, credit_rating_mean,interest_amt_min,interest_amt_max,interest_amt_mean,tran_amt_min,tran_amt_max,tran_amt_mean,principal_amt_min,principal_amt_max,principal_amt_mean
1362480,32,0.0,0.0,32.09,11.289375,-607.82,2529.29,60.895624999999995,-607.82,2500.0,49.60625
1362484,55,0.0,0.0,14.81,0.2692727272727273,-360.12,1293.59,16.79763636363636,-360.12,1278.78,16.528363636363636
1362485,72,0.0,0.0,13.17,0.7906944444444445,-505.37,995.65,-10.57263888888889,-505.37,986.59,-11.355833333333333
1362487,32,0.0,0.0,5.53,0.42593749999999997,-254.98,588.77,-47.987187500000005,-254.98,584.71,-48.3821875
1362489,35,0.0,0.0,35.45,7.107714285714286,-1200.7,2803.82,48.405142857142856,-1200.7,2780.0,41.29742857142857
1362492,31,0.0,0.0,16.93,1.1996774193548387,-434.32,807.07,-63.33096774193549,-434.32,798.02,-64.51612903225808
1362499,38,0.0,0.0,24.39,7.099736842105264,-319.29,192.44,-15.366052631578949,-319.29,177.9,-22.465789473684207
1362501,12,0.0,0.89,45.52,13.283333333333333,16.62,1233.65,278.6466666666667,15.73,1197.04,265.4683333333333
1362506,30,0.0,0.0,0.0,0.0,-1051.86,1760.61,-140.551,-1051.86,1760.61,-140.551
1362508,87,0.0,0.0,10.7,0.9303448275862068,-462.5,1754.88,-2.067816091954021,-462.5,1745.18,-2.9909195402298847
1362509,86,0.0,0.0,11.21,0.488953488372093,-477.88,3001.21,10.576046511627906,-477.88,2990.0,10.087093023255816
1362511,49,0.0,0.0,0.0,0.0,-270.25,961.11,-18.46795918367347,-270.25,961.11,-18.46795918367347
1362512,26,0.0,0.0,14.92,4.433461538461539,-449.16,149.49,-46.13961538461539,-449.16,134.57,-50.573076923076925
1362516,40,0.0,0.0,9.77,1.1800000000000002,-362.21,870.54,-6.6842500000000005,-362.21,863.14,-7.839500000000004
1362520,45,0.0,0.0,36.26,6.532888888888889,-1055.37,2911.99,41.10955555555555,-1055.37,2880.0,34.59066666666667
1362525,98,0.0,0.0,33.61,1.053265306122449,-473.94,2775.35,19.93122448979592,-473.94,2741.74,18.884387755102036
1362526,12,0.0,24.54,50.97,36.32666666666667,160.73,333.83,237.77916666666667,136.19,282.86,201.475
1362528,50,0.0,0.0,6.66,0.1332,-403.83,1004.87,0.838400000000002,-403.83,1004.87,0.7052000000000027
1362529,39,0.0,0.0,28.24,8.051282051282051,-397.66,2192.22,34.90538461538461,-397.66,2164.23,26.87717948717949
1362530,52,0.0,0.0,19.9,1.1226923076923077,-919.22,1771.52,-25.86923076923078,-919.22,1770.21,-26.97634615384616
1362531,32,0.0,0.0,28.39,10.48,-287.2,222.82,4.733437499999997,-287.2,196.68,-5.746562499999997
1362535,73,1.0,0.0,2.88,0.03945205479452055,0.0,207.15,2.8376712328767124,0.0,204.27,2.798219178082192
1362541,48,10.0,0.0,17.59,0.9854166666666666,-200.0,142.21,-42.63875,-200.0,124.62,-43.62416666666667
1362542,13,0.0,0.0,30.55,8.027692307692307,-20.0,886.02,173.37615384615384,-20.0,855.47,165.34846153846155
1362546,84,0.0,0.0,27.11,0.9210714285714287,-485.51,1927.54,13.397023809523814,-485.51,1915.81,12.475952380952382
1362547,65,0.0,0.0,17.93,1.0724615384615384,-477.38,2142.51,-13.581692307692302,-477.38,2130.15,-14.654153846153843
1362548,22,0.0,0.0,80.68,3.6672727272727275,-1007.95,7045.93,317.14772727272725,-1007.95,6965.25,313.4804545454545
1362549,73,0.0,0.0,14.34,0.9858904109589041,-484.55,828.67,1.2243835616438357,-484.55,814.33,0.24712328767123257
1362552,59,0.0,0.0,11.27,0.8045762711864407,-350.58,660.36,-1.326779661016946,-350.58,649.09,-2.131355932203387
1362556,42,0.0,0.0,33.89,4.730952380952381,-1008.94,2813.89,38.39619047619046,-1008.94,2780.0,33.665238095238095
1362557,8,0.0,0.0,0.0,0.0,-493.67,100.0,-125.0,-493.67,100.0,-125.0
1362562,27,0.0,0.0,0.0,0.0,-1486.46,626.89,-351.85185185185185,-1486.46,626.89,-351.85185185185185
1362563,27,0.0,0.0,12.45,0.7548148148148148,-242.48,670.74,-36.282222222222224,-242.48,658.29,-37.03703703703704
1362565,55,0.0,0.0,11.68,1.0216363636363637,-664.84,836.91,-8.603636363636365,-664.84,836.33,-9.620363636363637
1362566,49,0.0,0.0,81.06,15.89795918367347,-1565.5,6433.61,113.47408163265305,-1565.5,6380.0,97.5761224489796
1362568,1,0.0,,,,,,,,,
1362569,28,0.0,0.0,0.0,0.0,-751.11,0.0,-328.57142857142856,-751.11,0.0,-328.57142857142856
1362571,21,0.0,0.0,11.96,5.323333333333333,-207.38,94.36,-9.61047619047619,-207.38,86.05,-14.895238095238094
1362572,39,0.0,0.0,5.34,0.13692307692307693,-424.88,720.91,0.37512820512820755,-424.88,720.91,0.23820512820512982
1362574,74,0.0,0.0,0.0,0.0,-586.83,1300.0,-17.567567567567565,-586.83,1300.0,-17.567567567567565
1362577,21,0.0,0.0,43.59,4.767619047619048,-1191.47,1330.79,-81.33809523809525,-1191.47,1287.2,-86.10571428571427
1362578,51,0.0,0.0,7.1,0.5890196078431372,-329.22,1027.72,-11.096470588235292,-329.22,1022.02,-11.6678431372549
1362579,86,8.0,0.0,29.3,1.067093023255814,-200.0,1657.42,18.271860465116276,-200.0,1646.16,17.20476744186047
1362580,36,0.0,0.0,19.26,5.489999999999999,-353.97,151.93,-23.70555555555556,-353.97,135.22,-29.195555555555554
1362584,34,0.0,0.0,3.77,0.13588235294117648,-244.13,943.34,-29.275882352941178,-244.13,939.57,-29.411764705882348
1362586,56,0.0,0.0,40.07,6.158571428571428,-284.66,280.51,-35.372142857142855,-284.66,240.64,-41.53071428571428
1362587,79,0.0,0.0,12.78,1.2146835443037973,-344.28,889.26,1.4613924050632903,-344.28,884.8,0.2535443037974653
1362588,54,0.0,0.0,6.39,0.6222222222222222,-462.6,835.98,-9.502407407407407,-462.6,833.5,-10.121296296296295
1362591,104,0.0,0.0,39.62,1.3583653846153847,-524.31,3842.67,-5.33278846153846,-524.31,3803.05,-6.6833653846153815
1362592,28,0.0,0.0,42.31,16.342499999999998,-484.95,3032.01,80.48535714285713,-484.95,2989.9,64.16857142857144
1362593,75,0.0,0.0,18.68,0.6718666666666667,-489.43,2906.61,-8.531199999999997,-489.43,2887.93,-9.19946666666667
1362594,54,0.0,0.0,164.52,16.352962962962962,-1125.41,17464.52,193.33444444444447,-1125.41,17300.0,176.9814814814815
1362597,47,0.0,0.0,13.23,1.8940425531914893,-261.53,801.3,12.454468085106386,-261.53,791.14,10.560425531914895
1362598,13,0.0,0.0,25.38,6.723846153846154,-20.0,563.45,143.79153846153847,-20.0,547.75,137.0676923076923
1362602,65,0.0,0.0,55.91,0.860153846153846,-711.02,4882.53,49.55523076923077,-711.02,4826.62,48.69507692307692
1362605,31,0.0,0.0,9.93,1.405483870967742,-487.55,796.25,-8.150322580645161,-487.55,789.5,-9.50935483870968
1362606,55,0.0,0.0,0.0,0.0,-865.62,2674.33,-22.417454545454547,-865.62,2674.33,-22.417454545454547
1362607,64,0.0,0.0,22.67,0.35421875,-556.85,1980.12,16.824375,-556.85,1957.45,16.470156250000006
1362609,44,0.0,0.0,32.49,7.968863636363636,-212.69,227.44,-19.870454545454546,-212.69,196.61,-27.839318181818182
1362610,49,0.0,0.0,10.15,0.20714285714285716,-248.84,768.08,3.7842857142857187,-248.84,768.08,3.5771428571428596
1362611,44,0.0,0.0,28.69,2.4527272727272726,-298.53,1766.34,55.70181818181818,-298.53,1745.63,53.25727272727273
1362613,34,0.0,0.0,12.84,3.6467647058823527,-228.3,101.28,-18.470588235294116,-228.3,92.09,-22.11735294117647
1362617,13,0.0,0.0,0.36,0.04846153846153846,-235.31,180.01,-23.55461538461539,-235.31,179.65,-23.60307692307692
1362619,1,0.0,38.34,38.34,38.34,3905.04,3905.04,3905.04,3866.7,3866.7,3866.7
1362621,10,0.0,0.0,0.0,0.0,-321.82,357.56,-100.0,-321.82,357.56,-100.0
1362622,46,0.0,0.0,26.74,1.4763043478260869,-737.92,2896.88,42.80239130434782,-737.92,2875.23,41.337826086956525
1362624,49,0.0,0.0,10.44,1.4063265306122448,-610.59,1348.75,-14.251836734693876,-610.59,1341.95,-15.658163265306122
1362625,40,0.0,0.0,36.97,1.956,-522.32,2712.73,63.33075,-522.32,2675.76,61.40175000000001
1362630,42,0.0,0.0,23.36,0.5561904761904761,-492.82,3000.0,25.65047619047619,-492.82,3000.0,25.09428571428571
1362631,51,0.0,0.0,8.8,0.17254901960784316,-784.1,1928.4,3.797254901960789,-784.1,1928.4,3.6247058823529463
1362633,69,0.0,0.0,10.5,0.716231884057971,-312.92,951.36,-10.165217391304349,-312.92,941.23,-10.88144927536232
1362636,59,0.0,0.0,14.63,1.2354237288135594,-286.29,942.81,1.8896610169491517,-286.29,932.53,0.6603389830508462
1362637,26,0.0,0.0,15.41,2.6496153846153847,-220.94,121.54,-43.50423076923077,-220.94,106.89,-46.15384615384615
1362640,65,0.0,0.0,16.83,1.091076923076923,-437.93,1336.47,11.88215384615385,-437.93,1319.64,10.792461538461543
1362641,29,0.0,0.0,5.82,0.2006896551724138,-241.0,508.19,11.558620689655172,-241.0,502.37,11.357931034482759
1362642,71,0.0,0.0,11.26,1.064788732394366,-248.6,912.16,-2.168450704225351,-248.6,905.46,-3.223098591549294
1362643,23,0.0,0.0,17.79,0.7734782608695652,-323.88,1554.03,43.237391304347824,-323.88,1536.24,42.46391304347826
1362644,21,0.0,0.0,4.35,0.608095238095238,-491.34,272.27,-10.813809523809523,-491.34,267.92,-11.40047619047619
1362645,38,0.0,0.0,34.58,7.068947368421052,-541.34,2913.82,61.05868421052633,-541.34,2879.77,53.9921052631579
1362649,84,0.0,0.0,10.59,0.6886904761904762,-489.3,761.12,-8.99,-489.3,756.41,-9.67654761904762
1362650,20,0.0,0.0,0.0,0.0,-392.47,217.4,-50.0,-392.47,217.4,-50.0
1362653,32,0.0,0.0,0.0,0.0,-501.56,1600.0,-37.1428125,-501.56,1600.0,-37.1428125
1362656,51,0.0,0.0,12.58,1.0298039215686274,-277.34,984.32,9.814705882352943,-277.34,978.88,8.78490196078431
1362657,1,0.0,,,,,,,,,
1362658,8,0.0,0.04,51.13,12.274999999999999,3.53,3718.47,563.9525,3.49,3674.81,551.8575
1362661,57,0.0,0.0,13.4,1.362280701754386,-366.72,867.89,0.058596491228070736,-366.72,854.85,-1.2973684210526328
1362663,51,0.0,0.0,47.63,8.203529411764706,-662.93,333.41,-42.21078431372549,-662.93,287.99,-50.414313725490196
1362664,37,0.0,0.0,10.91,0.7243243243243244,-504.44,1461.57,-27.735405405405405,-504.44,1454.5,-28.442702702702707
1362671,23,0.0,0.0,13.94,0.6060869565217392,-234.3,111.39,-47.22,-234.3,110.0,-47.82608695652174
1362672,17,0.0,0.0,0.0,0.0,-146.78,204.36,-13.327647058823528,-146.78,204.36,-13.327647058823528
1362675,30,0.0,0.0,12.64,2.9026666666666667,-240.21,101.26,-22.368,-240.21,90.51,-25.270666666666667
1362680,23,0.0,0.0,8.77,0.38130434782608696,-242.2,603.54,-43.09695652173913,-242.2,594.77,-43.47826086956522
1362683,141,0.0,0.0,33.55,1.1392198581560284,-993.14,5136.87,-16.324680851063835,-993.14,5118.14,-17.463900709219857
1362685,41,0.0,0.0,14.31,1.4129268292682926,-703.6,1610.04,-28.052926829268294,-703.6,1595.73,-29.465853658536584
1362686,19,6.0,0.0,0.44,0.04052631578947369,-180.0,173.02,-5.1889473684210525,-180.0,173.02,-5.257894736842105
1362687,39,0.0,0.0,0.0,0.0,-382.6,1000.0,-12.358205128205128,-382.6,1000.0,-12.358205128205128
1362690,42,0.0,0.0,15.41,3.709761904761905,-218.65,121.54,-22.831190476190475,-218.65,119.02,-26.52166666666667
1362693,21,0.0,0.0,12.84,2.4380952380952383,-198.61,101.28,-45.18095238095238,-198.61,100.0,-47.61904761904762
1362694,60,0.0,0.0,16.28,1.2925,-713.72,1460.66,-2.1101666666666707,-713.72,1451.46,-3.401166666666671
1362697,1,0.0,,,,,,,,,
1362698,43,0.0,0.0,32.09,8.810232558139536,-347.14,253.21,0.7372093023255831,-347.14,225.1,-8.073023255813952
1362699,51,0.0,0.0,8.12,0.9617647058823529,-521.6,1040.51,-9.356666666666664,-521.6,1032.39,-10.314901960784317
1362700,31,0.0,0.0,5.21,0.7887096774193548,-493.33,626.57,9.252580645161292,-493.33,625.97,8.463870967741936
1362701,1,0.0,,,,,,,,,
1362703,57,0.0,0.0,17.43,1.779473684210526,-480.28,1205.54,6.868070175438592,-480.28,1188.11,5.088596491228064
1362705,53,0.0,0.0,0.0,0.0,-340.34,924.54,-7.7945283018867935,-340.34,924.54,-7.7945283018867935
1362708,36,0.0,0.0,12.84,3.6197222222222223,-348.09,101.28,-16.51888888888889,-348.09,90.94,-20.103611111111107
1362709,55,0.0,0.0,3.75,0.06818181818181818,-454.65,582.18,-4.110181818181816,-454.65,582.18,-4.178363636363635
1362714,60,0.0,0.0,2.47,0.04116666666666667,-351.0,718.53,-4.658833333333333,-351.0,718.53,-4.7
1362715,55,0.0,0.0,6.41,0.7105454545454545,-445.97,1106.64,-8.657090909090904,-445.97,1100.23,-9.349636363636364
1362717,23,0.0,0.0,0.55,0.02391304347826087,-184.94,687.82,-43.45434782608696,-184.94,687.27,-43.478260869565226
1362718,12,0.0,1.33,27.16,9.615,17.12,557.98,163.7425,15.79,533.6,154.1275
1362720,42,0.0,0.0,0.0,0.0,-464.52,1000.0,-23.80952380952381,-464.52,1000.0,-23.80952380952381
1362721,33,0.0,0.0,8.4,0.2545454545454546,-224.24,877.85,-30.059393939393942,-224.24,869.81,-30.303030303030305
1362722,35,0.0,0.0,19.87,1.6494285714285715,-1061.01,1718.34,-40.328285714285705,-1061.01,1698.47,-41.97771428571428
1362725,41,0.0,0.0,16.47,0.9941463414634146,-1055.09,1913.39,-46.331463414634136,-1055.09,1913.39,-47.30804878048781
1362726,44,0.0,0.0,21.27,1.2195454545454547,-243.81,1318.4,22.072954545454547,-243.81,1297.13,20.853409090909096
1362727,26,0.0,0.0,51.74,11.323076923076922,-979.13,4133.61,152.62384615384613,-979.13,4100.0,141.30076923076922
1362730,30,0.0,0.0,30.62,1.5410000000000001,-489.53,227.3,-98.459,-489.53,198.71,-100.0
1362735,30,0.0,0.0,0.0,0.0,-432.52,0.0,-100.0,-432.52,0.0,-100.0
1362736,34,0.0,0.0,12.15,0.3573529411764706,-340.27,874.95,16.06352941176471,-340.27,862.8,15.706176470588234
1362737,69,0.0,0.0,0.0,0.0,-1076.49,4715.8,-95.6521739130435,-1076.49,4715.8,-95.6521739130435
1362740,51,0.0,0.0,18.11,1.5766666666666667,-487.94,1535.37,10.233529411764701,-487.94,1529.8,8.665686274509799
1362742,21,0.0,0.0,29.43,2.084761904761905,-179.21,2436.42,122.28,-179.21,2406.99,120.22952380952381
1362743,58,0.0,0.0,14.56,0.2510344827586207,-366.16,1664.02,-51.473103448275864,-366.16,1649.46,-51.724137931034484
1362744,77,0.0,0.0,4.63,0.06012987012987013,-450.78,1000.0,-4.5344155844155845,-450.78,1000.0,-4.594545454545455
1362746,65,0.0,0.0,14.61,0.828923076923077,-228.42,775.24,1.3998461538461526,-228.42,767.25,0.5709230769230731
1362749,47,0.0,0.0,32.49,6.717659574468086,-455.65,227.44,-27.53148936170213,-455.65,197.82,-34.23382978723404
1362752,15,0.0,0.0,32.42,6.979333333333333,-471.39,2427.02,160.44333333333333,-471.39,2400.0,153.476
1362753,46,0.0,0.0,32.49,7.514347826086957,-224.01,227.44,-9.793695652173913,-224.01,197.19,-17.294347826086955
1362754,16,0.0,0.0,0.86,0.05375,-140.93,227.07,4.700624999999999,-140.93,227.07,4.646874999999999
1362759,55,0.0,0.0,18.59,0.338,-367.49,1391.83,9.15381818181818,-367.49,1391.83,8.815818181818177
1362761,7,0.0,0.03,11.0,2.6157142857142857,2.19,571.88,114.26714285714286,2.16,560.88,111.67714285714285
1362763,30,0.0,0.0,0.0,0.0,-235.0,690.31,-5.3333333333333375,-235.0,690.31,-5.3333333333333375
1362765,71,0.0,0.0,12.72,0.1791549295774648,-482.15,994.88,-1.1766197183098577,-482.15,994.88,-1.3557746478873227
1362766,47,0.0,0.0,70.41,13.857234042553191,-1117.32,5120.13,119.80765957446809,-1117.32,5080.0,105.95042553191489
1362767,46,0.0,0.0,10.11,0.8391304347826087,-277.48,968.88,-5.484782608695653,-277.48,966.0,-6.316086956521741
1362769,42,0.0,0.0,0.0,0.0,-474.62,1400.0,-13.168809523809532,-474.62,1400.0,-13.168809523809532
1362770,49,0.0,0.0,51.34,8.016326530612245,-933.57,3809.83,81.99918367346939,-933.57,3780.0,73.98285714285716
1362771,77,0.0,0.0,15.88,1.4151948051948051,-353.78,1171.58,0.45545454545454755,-353.78,1164.29,-0.9410389610389586
1362775,33,0.0,0.0,10.97,1.3345454545454545,-256.57,449.87,-3.610606060606059,-256.57,438.9,-4.945151515151515
1362777,137,0.0,0.0,0.0,0.0,-400.56,2539.5,-13.641386861313865,-400.56,2539.5,-13.641386861313865
1362782,49,0.0,0.0,17.66,1.223673469387755,-471.73,1334.88,-17.549183673469386,-471.73,1317.22,-18.76
1362784,46,0.0,0.0,35.99,6.855217391304348,-972.46,1411.91,2.3047826086956507,-972.46,1376.77,-4.542608695652177
1362791,54,0.0,0.0,36.09,0.6683333333333334,-483.09,3151.82,55.45185185185186,-483.09,3115.73,54.78351851851853
1362793,26,0.0,0.0,10.6,1.043076923076923,-349.51,585.49,12.86423076923077,-349.51,575.43,11.82115384615385
1362797,22,0.0,0.0,4.86,0.6945454545454546,-496.89,319.34,1.1977272727272739,-496.89,314.48,0.5031818181818205
1362801,22,0.0,0.0,5.55,0.7859090909090909,-231.96,283.78,16.597272727272724,-231.96,283.44,15.844090909090909
1362804,50,0.0,0.0,103.69,2.0738,-1300.36,9055.59,167.46500000000003,-1300.36,8951.9,165.39120000000003
1362805,54,2.0,0.0,3.98,0.0737037037037037,-200.0,540.0,-0.24333333333333307,-200.0,540.0,-0.3170370370370371
1362806,69,0.0,0.0,9.5,0.7913043478260869,-511.06,1988.81,-18.449710144927536,-511.06,1979.48,-19.23449275362319
1362808,13,0.0,0.0,0.0,0.0,-365.2,0.0,-123.07692307692308,-365.2,0.0,-123.07692307692308
1362809,6,0.0,0.03,28.74,9.208333333333334,2.67,1645.35,422.78666666666663,2.64,1623.24,413.5783333333333
1362810,48,0.0,0.0,28.79,1.1845833333333333,-477.45,2160.53,46.024791666666665,-477.45,2131.74,44.840208333333344
1362811,69,0.0,0.0,6.3,0.2911594202898551,-320.93,908.7,-12.625072463768113,-320.93,907.38,-12.909710144927537
1362814,19,0.0,0.0,12.84,2.0189473684210526,-363.98,101.28,-50.612631578947365,-363.98,100.0,-52.63157894736842
1362815,20,0.0,0.0,2.12,0.10600000000000001,-235.06,100.21,-49.894,-235.06,98.09,-50.0
1362816,106,0.0,0.0,19.46,1.0291509433962265,-473.28,2174.1,-16.12537735849057,-473.28,2154.64,-17.14603773584906
1362817,36,0.0,0.0,12.84,3.5172222222222222,-220.93,101.28,-18.52,-220.93,90.17,-22.024722222222223
1362820,55,0.0,0.0,81.86,13.135090909090907,-1555.0,3153.98,9.128909090909104,-1555.0,3101.65,-4.006181818181813
1362821,7,0.0,0.09,13.63,3.8942857142857146,6.16,469.81,142.07,6.7,456.18,138.44571428571427
1362822,30,0.0,0.0,0.0,0.0,-228.58,1000.0,-33.333333333333336,-228.58,1000.0,-33.333333333333336
1362823,15,0.0,0.0,30.9,6.531333333333333,-541.96,2224.27,146.27133333333333,-541.96,2200.0,139.73999999999998
1362824,48,0.0,0.0,122.7,7.488958333333334,-1072.0,6621.3,208.1866666666667,-1072.0,6512.69,200.69770833333334
1362825,33,0.0,0.0,13.64,4.642121212121212,-150.04,101.28,3.6790909090909096,-150.04,89.23,-0.963030303030303
1362828,30,0.0,0.0,12.84,4.145333333333333,-245.98,101.28,-23.07,-245.98,89.45,-27.188333333333333
1362829,38,0.0,0.0,26.18,4.077894736842105,-564.93,1159.06,-49.4328947368421,-564.93,1133.28,-53.51078947368421
1362830,37,0.0,0.0,12.5,1.956756756756757,-446.23,650.17,16.854324324324324,-446.23,640.8,14.924324324324326
1362831,33,0.0,0.0,71.89,25.324242424242424,-728.97,567.19,3.5403030303030314,-728.97,503.71,-21.7839393939394
1362832,29,0.0,0.0,0.0,0.0,-1273.91,549.5,-293.1034482758621,-1273.91,549.5,-293.1034482758621
1362835,21,0.0,0.0,6.54,0.8328571428571427,-283.17,314.13,8.359047619047617,-283.17,307.59,7.581904761904758
1362836,41,0.0,0.0,12.84,3.163170731707317,-221.71,101.28,-19.863658536585366,-221.71,99.41,-23.026829268292683
1362837,16,0.0,0.0,8.16,1.315,-357.04,82.12,-67.435,-357.04,73.96,-68.75
1362839,96,0.0,0.0,42.17,2.1576041666666668,-780.41,3223.16,0.670729166666673,-780.41,3180.99,-1.486875000000002
1362844,60,0.0,0.0,14.3,1.1481666666666668,-286.57,884.18,-1.5791666666666695,-286.57,874.26,-2.727333333333333
1362845,37,2.0,0.0,51.98,4.598648648648648,-20.0,1234.57,103.7845945945946,-20.0,1182.59,99.22243243243243
1362849,74,0.0,0.0,14.89,0.20121621621621621,-517.53,1100.0,7.520000000000003,-517.53,1100.0,7.318783783783786
1362850,21,0.0,0.0,4.5,1.0561904761904761,-373.58,382.21,10.923333333333336,-373.58,380.99,9.867142857142861
1362852,25,0.0,0.0,22.86,10.3996,-285.69,172.18,7.330800000000003,-285.69,152.07,-3.0687999999999978
1362853,25,0.0,0.0,12.75,0.938,-330.9,974.82,-42.0452,-330.9,962.07,-42.958
1362857,56,0.0,0.0,7.21,0.7783928571428572,-391.6,845.72,-5.381785714285715,-391.6,840.56,-6.14089285714286
1362858,83,0.0,0.0,0.0,0.0,-1460.75,5578.65,-8.532530120481939,-1460.75,5578.65,-8.532530120481939
1362864,1,0.0,,,,,,,,,
1362868,52,0.0,0.0,9.74,0.9948076923076924,-379.65,870.39,-4.950576923076924,-379.65,863.72,-5.926346153846153
1362872,68,0.0,0.0,10.57,0.9760294117647059,-316.37,837.62,-9.441617647058822,-316.37,830.53,-10.405735294117648
1362875,38,0.0,0.0,32.56,10.000526315789473,-234.2,227.44,5.022105263157894,-234.2,197.9,-4.9760526315789475
1362877,42,7.0,0.0,0.91,0.021666666666666667,-200.0,540.0,-0.3440476190476191,-200.0,540.0,-0.3657142857142857
1362881,72,0.0,0.0,6.91,0.09597222222222222,-457.69,1000.0,0.8001388888888904,-457.69,1000.0,0.704166666666667
1362882,12,0.0,0.63,29.0,7.763333333333333,11.59,645.23,176.54666666666665,10.96,623.93,168.78333333333333
1362883,58,10.0,0.0,11.12,0.49775862068965515,-200.0,966.25,-16.451551724137932,-200.0,958.07,-16.949310344827584
1362888,109,0.0,0.0,113.0,4.048990825688073,-1315.19,7543.66,49.368165137614675,-1315.19,7475.95,45.319174311926595
1362894,34,5.0,0.0,21.13,0.6214705882352941,-200.0,1521.75,-9.360294117647058,-200.0,1500.62,-9.981764705882355
1362895,27,0.0,0.0,12.63,0.4677777777777778,-251.69,665.8,-47.68037037037037,-251.69,653.17,-48.148148148148145
1362902,67,0.0,0.0,3.85,0.05746268656716418,-301.13,1000.0,-1.0398507462686564,-301.13,1000.0,-1.097313432835821
1362903,33,0.0,0.0,21.97,7.091212121212121,-132.67,158.19,8.893939393939394,-132.67,136.22,1.8163636363636355
1362904,48,0.0,0.0,16.75,1.5797916666666667,-322.67,1398.69,17.53625,-322.67,1384.57,15.95833333333333
1362905,20,0.0,0.0,12.81,6.473999999999999,-242.78,101.05,-2.4534999999999996,-242.78,90.56,-8.9275
1362909,12,0.0,0.92,56.34,17.09,12.8,1072.11,345.9941666666667,11.16,1015.77,328.8441666666667
1362911,51,0.0,0.0,27.86,4.828039215686275,-524.82,2196.7,29.55784313725489,-524.82,2180.0,24.729803921568617
1362912,36,0.0,0.0,19.26,6.240833333333334,-192.53,151.93,0.6577777777777796,-192.53,133.56,-5.583055555555558
1362917,26,0.0,0.0,0.0,0.0,-560.78,0.0,-261.53846153846155,-560.78,0.0,-261.53846153846155
1362918,42,0.0,0.0,12.84,2.876190476190476,-234.93,101.28,-12.707142857142856,-234.93,91.06,-15.583333333333334
1362920,1,0.0,,,,,,,,,
1362921,21,0.0,0.0,26.33,3.437142857142857,-452.82,1466.89,107.7952380952381,-452.82,1443.38,104.35809523809526
1362924,24,0.0,0.0,1.59,0.09416666666666668,-275.36,887.06,-41.5725,-275.36,887.06,-41.66666666666667
1362925,48,0.0,0.0,6.54,0.9241666666666667,-303.11,538.74,-6.107708333333332,-303.11,535.85,-7.028124999999998
1362926,48,0.0,0.0,13.33,1.3489583333333333,-237.95,678.49,0.22395833333333215,-237.95,668.18,-1.110000000000004
1362928,80,0.0,0.0,13.37,0.167125,-391.69,1000.0,4.578500000000001,-391.69,1000.0,4.411375000000001
1362929,36,0.0,0.0,46.5,4.639722222222222,-981.02,2054.64,-112.02694444444445,-981.02,2018.67,-116.66666666666667
1362930,3,0.0,0.01,14.27,5.3566666666666665,0.52,900.85,343.1766666666667,0.51,886.58,337.82
1362933,41,0.0,0.0,11.77,2.1500000000000004,-292.48,937.0,-1.06487804878049,-292.48,928.68,-3.2148780487804864
1362936,23,0.0,0.0,7.6,0.7078260869565218,-425.73,302.61,-9.921304347826089,-425.73,295.01,-10.629130434782613
1362937,40,0.0,0.0,27.47,5.7235,-576.84,2109.01,47.52050000000001,-576.84,2090.31,41.797
1362938,64,0.0,0.0,16.24,0.7775,-443.47,1647.86,15.855312499999998,-443.47,1646.7,15.0834375
1362939,69,0.0,0.0,63.53,0.9207246376811594,-1111.86,5548.48,69.22391304347826,-1111.86,5484.95,68.3031884057971
1362940,22,0.0,0.0,1.3,0.05909090909090909,-226.48,428.39,1.4990909090909093,-226.48,428.39,1.4522727272727287
1362945,40,0.0,0.0,6.8,0.92325,-341.85,729.25,-4.498249999999997,-341.85,726.59,-5.419249999999998
1362947,12,0.0,0.0,7.69,0.6408333333333334,-256.22,100.77,-82.69250000000001,-256.22,93.08,-83.33333333333333
1362948,47,0.0,0.0,19.63,1.4459574468085106,-357.5,1400.7,13.785531914893616,-357.5,1387.69,12.341489361702132
1362949,45,0.0,0.0,32.49,6.870666666666667,-201.94,227.44,-15.75111111111111,-201.94,201.94,-22.605777777777778
1362950,15,3.0,0.0,1.5,0.20533333333333334,-180.0,289.78,-10.687999999999999,-180.0,289.78,-10.863333333333337
1362952,44,0.0,0.0,35.2,2.4197727272727274,-472.91,1402.11,53.67477272727273,-472.91,1371.75,51.273409090909084
1362954,44,0.0,0.0,0.0,0.0,-1009.63,2488.09,-27.86636363636363,-1009.63,2488.09,-27.86636363636363
1362959,38,0.0,0.0,50.07,15.338947368421053,-354.21,3929.81,96.23947368421052,-354.21,3880.0,80.90052631578948
1362960,40,0.0,0.0,93.14,25.967000000000002,-1013.32,651.98,-40.24875,-1013.32,564.38,-66.21575
1362961,55,0.0,0.0,6.66,0.1210909090909091,-368.03,658.94,-9.45890909090909,-368.03,658.94,-9.580000000000002
1362962,70,0.0,0.0,0.63,0.009,-473.08,1000.0,-8.059428571428564,-473.08,1000.0,-8.068428571428564
1362964,32,0.0,0.0,12.84,2.4459375,-214.19,101.28,-28.804062499999997,-214.19,88.63,-31.25
1362966,77,0.0,0.0,35.91,1.8248051948051947,-487.81,2688.87,21.491038961038953,-487.81,2662.24,19.66623376623376
1362969,49,0.0,0.0,36.03,6.516326530612245,-1355.9,1896.45,-18.848163265306116,-1355.9,1873.19,-25.33693877551021
1362971,30,0.0,0.0,20.54,4.941,-352.41,162.05,-48.39233333333333,-352.41,152.83,-53.333333333333336
1362972,24,0.0,0.0,33.45,9.72125,-791.32,1042.1,56.59708333333332,-791.32,1008.65,46.91333333333333
1362973,49,0.0,0.0,5.45,0.5240816326530612,-238.47,698.4,-14.47204081632653,-238.47,692.95,-14.992448979591837
1362974,26,0.0,0.0,9.29,1.0596153846153844,-313.61,570.1,21.456923076923076,-313.61,560.81,20.397307692307695
1362975,31,0.0,0.0,9.1,1.7354838709677418,-360.72,675.87,2.6848387096774182,-360.72,666.86,0.9870967741935455
1362978,112,0.0,0.0,32.83,0.29312499999999997,-672.31,2867.36,6.818482142857148,-672.31,2834.53,6.525357142857148
1362980,54,0.0,0.0,1.52,0.028148148148148148,-234.94,828.22,-7.470370370370368,-234.94,828.22,-7.498518518518516
1362985,59,0.0,0.0,0.0,0.0,-495.15,1000.0,-16.94915254237288,-495.15,1000.0,-16.94915254237288
1362986,21,0.0,0.0,6.41,0.6933333333333334,-487.08,420.77,-91.31142857142856,-487.08,415.51,-92.0047619047619
1362990,78,0.0,0.0,17.55,0.8784615384615384,-393.77,1661.13,-7.685384615384616,-393.77,1643.58,-8.563846153846155
1362991,64,0.0,0.0,7.45,0.6203125,-350.83,797.99,-10.33234375,-350.83,797.56,-10.94703125
1362995,43,0.0,0.0,29.53,7.829534883720931,-421.8,2307.61,45.94348837209302,-421.8,2278.34,38.1139534883721
1362997,36,6.0,0.0,10.61,0.2947222222222222,-180.0,763.97,9.554722222222223,-180.0,753.36,9.26
1362999,84,0.0,0.0,26.3,1.8104761904761904,-684.38,2410.45,13.533452380952378,-684.38,2384.15,11.722976190476187
1363002,155,0.0,0.0,38.94,1.6976129032258065,-946.12,5473.31,-3.8353548387096748,-946.12,5448.89,-5.53064516129032
1363004,37,0.0,0.0,0.51,0.013783783783783784,-378.99,533.03,-12.663243243243242,-378.99,533.03,-12.677027027027027
1363006,28,0.0,0.0,5.23,0.40464285714285714,-431.07,879.7,-57.763928571428565,-431.07,879.7,-58.16857142857143
1363008,31,0.0,0.0,22.1,2.228709677419355,-342.78,1172.84,63.18129032258065,-342.78,1170.09,60.97870967741935
1363010,44,0.0,0.0,5.86,0.7211363636363637,-247.66,588.05,-13.364090909090908,-247.66,584.26,-14.077045454545454
1363011,56,7.0,0.0,49.13,4.799642857142857,-200.0,1629.73,66.73339285714286,-200.0,1580.6,61.933749999999996
1363013,91,0.0,0.0,12.33,0.878131868131868,-331.13,922.16,-0.8409890109890111,-331.13,917.36,-1.7131868131868144
1363016,69,0.0,0.0,32.67,1.308550724637681,-869.91,3258.46,1.24144927536232,-869.91,3225.79,-0.05797101449275692
1363017,63,0.0,0.0,10.66,0.7053968253968254,-288.86,883.42,-15.17619047619048,-288.86,872.76,-15.873015873015875
1363018,54,0.0,0.0,28.52,4.7770370370370365,-566.49,1131.87,-11.715185185185188,-566.49,1108.76,-16.49222222222222
1363022,34,0.0,0.0,8.71,1.1817647058823528,-423.8,678.31,-16.602058823529408,-423.8,669.6,-17.783823529411762
1363026,62,0.0,0.0,29.4,4.436129032258065,-581.16,1062.15,-12.961129032258064,-581.16,1034.37,-17.390000000000004
1363035,1,0.0,,,,,,,,,
1363036,50,0.0,0.0,8.6,0.7958,-333.36,887.8,-23.211400000000005,-333.36,879.8,-24.0
1363037,10,0.0,0.0,0.0,0.0,-312.29,100.0,-100.0,-312.29,100.0,-100.0
1363038,24,0.0,0.0,23.7,2.473333333333333,-402.6,182.31,-72.55291666666666,-402.6,162.02,-75.0
1363040,18,0.0,0.0,24.31,4.6194444444444445,-625.72,192.43,-100.9361111111111,-625.72,173.91,-105.55555555555556
1363043,66,0.0,0.0,10.0,1.0110606060606062,-436.16,738.66,-7.006212121212123,-436.16,737.98,-8.011818181818182
1363044,47,0.0,0.0,2.12,0.04510638297872341,-411.78,772.32,-7.886382978723405,-411.78,772.32,-7.931489361702126
1363053,18,0.0,0.0,0.0,0.0,-1146.62,1146.62,-51.00500000000001,-1146.62,1146.62,-51.00500000000001
1363054,57,0.0,0.0,12.33,0.8089473684210526,-443.93,932.63,0.0664912280701763,-443.93,922.96,-0.7298245614035117
1363056,34,0.0,0.0,4.27,0.12558823529411764,-328.53,574.92,-15.108235294117646,-328.53,574.92,-15.233823529411763
1363057,54,0.0,0.0,14.23,1.4735185185185187,-421.76,877.06,2.7844444444444427,-421.76,862.83,1.3325925925925932
1363059,30,0.0,0.0,15.41,2.8733333333333335,-200.0,121.54,-37.126666666666665,-200.0,108.19,-40.0
1363060,28,0.0,0.0,30.81,12.647857142857143,-375.4,243.08,2.1378571428571456,-375.4,218.04,-10.509999999999996
1363068,46,0.0,0.0,32.97,5.74391304347826,-989.72,2912.97,51.881739130434774,-989.72,2880.0,46.1554347826087
1363070,40,0.0,0.0,4.52,0.49349999999999994,-347.89,564.45,-9.115499999999999,-347.89,561.27,-9.591000000000001
1363071,44,0.0,0.0,10.86,0.8350000000000001,-312.1,630.82,-5.947272727272729,-312.1,624.37,-6.782272727272726
1363075,55,0.0,0.0,6.29,0.5165454545454545,-319.22,809.28,-5.917454545454546,-319.22,808.03,-6.422545454545458
1363076,40,0.0,0.0,79.26,3.8862500000000004,-627.73,5037.23,155.67725000000002,-627.73,4957.97,151.791
1363078,50,0.0,0.0,27.63,1.5186000000000002,-466.15,1569.95,26.281399999999998,-466.15,1542.32,24.7628
1363081,20,0.0,0.0,26.96,8.9235,-317.87,2125.29,89.3295,-317.87,2100.0,80.40599999999999
1363082,31,0.0,0.0,11.54,1.1016129032258064,-524.41,824.24,-1.748709677419357,-524.41,823.42,-2.8503225806451673
1363083,44,0.0,0.0,8.52,1.1061363636363637,-309.81,645.98,-20.93795454545455,-309.81,638.06,-22.04409090909091
1363084,16,0.0,0.0,18.83,1.2725,-366.28,171.88,-104.9325,-366.28,153.05,-106.205
1363086,31,0.0,0.0,27.82,2.1503225806451614,-382.01,1262.68,75.40129032258065,-382.01,1249.3,73.25967741935484
1363087,32,0.0,0.0,12.84,3.0825,-215.21,101.28,-25.3259375,-215.21,91.48,-28.3971875
1363088,54,0.0,0.0,2.67,0.049444444444444444,-532.0,915.98,-10.139814814814814,-532.0,915.98,-10.18925925925926
1363093,32,0.0,0.0,12.84,3.8293749999999998,-232.51,101.28,-19.471249999999998,-232.51,89.81,-23.300625
1363096,5,0.0,0.07,5.47,1.3699999999999999,5.3,339.52,79.094,4.96,334.05,77.67
1363097,54,0.0,0.0,12.28,1.116111111111111,-270.34,949.45,-3.1133333333333333,-270.34,945.48,-4.219444444444441
1363101,45,0.0,0.0,11.97,0.7242222222222221,-634.31,3157.35,-44.943333333333335,-634.31,3150.89,-45.65155555555556
1363102,17,0.0,0.0,0.0,0.0,-245.21,55.95,-58.8235294117647,-245.21,55.95,-58.8235294117647
1363103,33,0.0,0.0,28.27,4.7,-461.63,2032.59,49.98818181818182,-461.63,2017.05,45.28818181818182
1363107,22,0.0,0.0,5.54,0.25181818181818183,-275.41,485.68,17.95,-275.41,485.68,17.698181818181816
1363108,44,4.0,0.0,16.19,0.860909090909091,-200.0,935.16,16.553409090909092,-200.0,918.97,15.696590909090908
1363112,9,0.0,0.02,12.0,3.6300000000000003,1.48,323.94,98.2988888888889,1.46,315.28,94.66888888888889
1363113,17,0.0,0.0,0.0,0.0,-366.53,599.94,-38.84705882352941,-366.53,599.94,-38.84705882352941
1363117,48,0.0,0.0,22.9,2.408125,-829.96,1041.94,11.87916666666667,-829.96,1036.5,9.487916666666663
1363123,32,0.0,0.0,35.95,12.604062500000001,-668.01,283.59,-19.680937500000006,-668.01,250.98,-32.285
1363126,41,0.0,0.0,29.3,4.444634146341463,-1208.43,1156.72,-66.2870731707317,-1208.43,1130.54,-70.73170731707317
1363127,14,0.0,0.0,11.63,0.8307142857142857,-317.86,837.31,37.965714285714284,-317.86,825.68,37.135
1363128,27,0.0,0.0,0.0,0.0,-347.53,370.33,-5.185185185185184,-347.53,370.33,-5.185185185185184
1363129,22,0.0,0.0,4.0,0.7345454545454545,-242.75,430.82,-14.544545454545455,-242.75,426.82,-15.246363636363634
1363130,77,0.0,0.0,14.52,0.18857142857142856,-454.36,1045.72,12.534545454545452,-454.36,1031.2,12.345974025974023
1363133,1,0.0,19.19,19.19,19.19,1675.89,1675.89,1675.89,1656.7,1656.7,1656.7
1363135,31,0.0,0.0,36.37,2.310967741935484,-243.72,2125.59,95.58741935483872,-243.72,2089.22,93.29677419354839
1363138,51,0.0,0.0,10.57,1.104313725490196,-459.04,897.79,-15.031764705882352,-459.04,889.67,-16.109607843137255
1363140,31,0.0,0.0,12.84,3.7809677419354837,-176.95,101.28,-18.328387096774193,-176.95,89.38,-22.089032258064517
1363142,52,0.0,0.0,13.96,1.2840384615384615,-996.3,1890.43,-36.28865384615384,-996.3,1876.47,-37.57269230769231
1363146,1,0.0,32.23,32.23,32.23,2814.61,2814.61,2814.61,2782.38,2782.38,2782.38
1363147,48,0.0,0.0,2.5,0.052083333333333336,-290.45,677.91,-1.151458333333333,-290.45,677.91,-1.1941666666666666
1363158,12,7.0,1.88,5.13,3.3049999999999997,13.52,36.94,23.534166666666668,11.64,31.81,20.289166666666667
1363159,5,0.0,0.0,11.12,2.352,-10.0,935.17,192.368,-10.0,924.05,189.944
1363160,68,0.0,0.0,9.26,0.1361764705882353,-239.73,774.71,5.5886764705882355,-239.73,774.71,5.452500000000001
1363164,82,0.0,0.0,10.38,0.8274390243902439,-319.2,1133.55,-7.994390243902437,-319.2,1127.64,-8.82182926829268
1363165,65,1.0,0.0,4.7,0.4786153846153846,-200.0,546.47,-2.1176923076923084,-200.0,544.09,-2.5866153846153837
1363169,1,0.0,20.3,20.3,20.3,1749.6,1749.6,1749.6,1729.57,1729.57,1729.57
1363170,55,0.0,0.0,14.75,0.8812727272727272,-497.64,793.75,3.482727272727275,-497.64,791.98,2.6014545454545472
1363171,39,0.0,0.0,23.4,6.897692307692307,-272.82,182.31,-3.4525641025641005,-272.82,163.84,-10.341025641025643
1363173,40,0.0,0.0,17.97,4.651249999999999,-328.87,141.8,-21.70025,-328.87,125.6,-26.351499999999998
1363175,88,0.0,0.0,21.61,0.24556818181818182,-331.87,2200.81,11.958636363636368,-331.87,2179.2,11.713068181818185
1363182,52,0.0,0.0,61.38,5.544038461538462,-1162.68,2437.53,-92.53288461538462,-1162.68,2379.63,-98.0769230769231
1363184,25,0.0,0.0,1.4,0.055999999999999994,-213.39,778.28,-39.958400000000005,-213.39,778.28,-40.0
1363185,18,0.0,0.0,8.17,0.46222222222222226,-205.52,100.82,-55.093333333333334,-205.52,92.65,-55.55555555555556
1363187,30,0.0,0.0,29.53,10.559333333333335,-451.12,232.95,-16.172,-451.12,205.75,-26.716333333333335
1363192,35,0.0,0.0,12.84,3.7960000000000003,-252.89,101.28,-15.069142857142856,-252.89,92.51,-18.865142857142857
1363193,39,0.0,0.0,21.65,1.8358974358974358,-445.78,930.68,4.283589743589746,-445.78,919.74,2.4476923076923103
1363194,17,0.0,0.0,35.64,4.998235294117647,-301.71,1524.2,181.13941176470587,-301.71,1498.56,176.14117647058825
1363195,19,0.0,0.0,0.0,0.0,-244.47,328.4,-52.63157894736842,-244.47,328.4,-52.63157894736842
1363196,97,0.0,0.0,20.0,0.9045360824742268,-674.4,1796.31,-3.009381443298975,-674.4,1784.12,-3.9139175257731975
1363197,50,0.0,0.0,3.87,0.457,-427.79,838.66,-9.786200000000001,-427.79,834.79,-10.2432
1363199,21,0.0,0.0,24.73,2.912380952380952,-451.65,997.03,98.46714285714286,-451.65,977.94,95.62333333333333
1363200,47,3.0,0.0,3.74,0.3382978723404255,-200.0,750.41,-5.081702127659574,-200.0,747.01,-5.416170212765958
1363201,17,0.0,0.0,0.0,0.0,-463.77,502.88,-58.8235294117647,-463.77,502.88,-58.8235294117647
1363204,34,0.0,0.0,13.95,0.7488235294117648,-296.09,1097.27,-34.569117647058825,-296.09,1083.32,-35.294117647058826
1363205,26,0.0,0.0,32.73,3.167692307692308,-489.93,2134.2,85.53730769230768,-489.93,2106.21,82.37653846153846
1363206,29,0.0,0.0,0.0,0.0,-493.57,947.23,-189.3258620689655,-493.57,947.23,-189.3258620689655
1363207,79,0.0,0.0,12.49,0.8789873417721519,-320.11,947.21,2.2672151898734163,-320.11,936.63,1.3882278481012638
1363209,31,0.0,0.0,21.46,7.886129032258064,-196.43,162.05,5.422258064516132,-196.43,143.13,-2.463870967741934
1363210,42,0.0,0.0,10.13,1.0940476190476192,-406.86,601.43,-20.088809523809523,-406.86,591.78,-21.18285714285714
1363211,34,0.0,0.0,25.3,5.641176470588236,-824.29,2107.99,53.03529411764706,-824.29,2087.01,47.41000000000002
1363212,41,0.0,0.0,32.47,7.935121951219512,-351.65,227.44,-19.24487804878049,-351.65,196.97,-27.17780487804878
1363213,38,0.0,0.0,13.97,1.7100000000000002,-779.49,1235.02,-25.819210526315786,-779.49,1226.52,-27.52921052631578
1363215,40,0.0,0.0,105.1,9.76925,-956.47,3314.35,184.33800000000002,-956.47,3285.39,174.60025
1363216,43,0.0,0.0,12.84,3.2390697674418605,-254.78,101.28,-10.055116279069766,-254.78,89.35,-13.285813953488372
1363217,78,0.0,0.0,14.13,1.2857692307692308,-405.78,1476.02,-3.5024358974358982,-405.78,1463.6,-4.783589743589745
1363218,76,0.0,0.0,11.71,1.041578947368421,-450.43,1090.34,-5.106578947368421,-450.43,1085.51,-6.145789473684209
1363219,65,0.0,0.0,10.2,0.6858461538461538,-277.81,925.86,-11.208923076923075,-277.81,924.2,-11.88507692307692
1363222,59,0.0,0.0,1.51,0.02559322033898305,-358.21,760.64,-15.103220338983052,-358.21,760.64,-15.128813559322035
1363223,40,0.0,0.0,7.72,1.28325,-602.89,1132.17,3.060250000000001,-602.89,1125.2,1.7814999999999954
1363227,36,0.0,0.0,0.0,0.0,-460.83,1439.61,-16.337500000000002,-460.83,1439.61,-16.337500000000002
1363229,60,0.0,0.0,11.46,0.8581666666666667,-499.73,741.24,-1.7091666666666658,-499.73,739.1,-2.5613333333333324
1363232,28,0.0,0.0,11.94,0.6753571428571429,-372.06,847.7,-35.03892857142857,-372.06,842.56,-35.714285714285715
1363234,42,0.0,0.0,0.0,0.0,-387.37,1218.16,-71.42857142857143,-387.37,1218.16,-71.42857142857143
1363236,111,0.0,0.0,58.73,1.0607207207207208,-551.54,5085.84,40.40693693693694,-551.54,5027.11,39.34621621621621
1363237,1,0.0,85.77,85.77,85.77,8735.14,8735.14,8735.14,8649.37,8649.37,8649.37
1363241,70,0.0,0.0,10.37,0.7181428571428571,-494.18,1233.78,-14.500428571428573,-494.18,1232.09,-15.212142857142856
1363243,55,0.0,0.0,14.45,0.2627272727272727,-238.11,1040.32,16.914363636363635,-238.11,1025.87,16.651636363636364
1363247,63,0.0,0.0,32.49,3.644285714285714,-440.85,227.44,-42.303333333333335,-440.85,196.54,-45.94761904761905
1363249,131,2.0,0.0,38.69,2.9477099236641218,-200.0,1288.09,-0.6117557251908422,-200.0,1249.4,-3.5594656488549616
1363252,32,0.0,0.0,12.84,4.541875,-213.06,101.28,-2.4499999999999997,-213.06,89.68,-6.991875
1363253,53,0.0,0.0,23.78,1.3792452830188677,-963.06,1427.88,-4.505283018867925,-963.06,1404.1,-5.879433962264148
1363254,53,0.0,0.0,14.64,0.27622641509433965,-487.82,1054.51,19.31075471698113,-487.82,1039.87,19.034528301886787
1363257,67,7.0,0.0,26.18,1.8740298507462687,-200.0,183.29,-32.08477611940298,-200.0,160.34,-33.95880597014925
1363259,55,0.0,0.0,5.36,0.09745454545454546,-323.88,647.13,0.9396363636363627,-323.88,647.13,0.842181818181817
1363261,52,0.0,0.0,7.8,0.5067307692307692,-427.7,889.07,-15.984999999999998,-427.7,888.52,-16.474423076923078
1363263,76,0.0,0.0,0.0,0.0,-325.02,1290.3,-16.038684210526316,-325.02,1290.3,-16.038684210526316
1363264,94,0.0,0.0,0.73,0.007765957446808511,-379.19,1000.0,-10.080638297872342,-379.19,1000.0,-10.088404255319151
1363265,50,0.0,0.0,0.0,0.0,-338.63,1200.0,-2.6623999999999954,-338.63,1200.0,-2.6623999999999954
1363266,51,5.0,0.0,0.0,0.0,-180.0,465.35,-19.50294117647059,-180.0,465.35,-19.50294117647059
1363267,49,6.0,0.0,5.92,0.5053061224489797,-200.0,526.87,-25.44142857142857,-200.0,526.56,-25.946734693877552
1363268,28,0.0,0.0,26.38,10.0375,-273.84,189.99,12.532857142857145,-273.84,163.61,2.6239285714285727
1363271,44,0.0,0.0,21.69,1.210909090909091,-426.21,1215.38,16.95795454545455,-426.21,1193.69,15.747045454545459
1363272,47,7.0,0.0,6.11,0.1702127659574468,-180.0,1016.49,-21.44936170212766,-180.0,1010.38,-21.619574468085105
1363275,60,0.0,0.0,11.3,1.1606666666666667,-350.44,837.22,-5.446166666666665,-350.44,828.01,-6.6068333333333324
1363280,70,0.0,0.0,4.62,0.066,-343.27,1000.0,-9.531571428571429,-343.27,1000.0,-9.59757142857143
1363282,36,0.0,0.0,10.44,1.0183333333333333,-557.34,917.11,-5.279444444444447,-557.34,915.46,-6.285277777777779
1363283,29,0.0,0.0,14.9,3.0644827586206898,-273.65,111.41,-34.91620689655173,-273.65,107.36,-37.93103448275862
1363284,37,0.0,0.0,11.73,0.31702702702702706,-763.27,1093.56,-3.277027027027027,-763.27,1093.56,-3.5940540540540513
1363287,32,0.0,0.0,12.84,4.4565625,-123.69,101.28,-4.0653125,-123.69,89.52,-8.51625
1363288,48,0.0,0.0,26.57,4.547083333333334,-466.67,1018.68,2.554791666666666,-466.67,997.72,-1.962291666666666
1363291,59,0.0,0.0,21.42,0.9298305084745763,-525.46,1823.44,-84.05559322033898,-525.46,1815.95,-84.98542372881356
1363294,19,0.0,0.0,0.0,0.0,-444.89,0.0,-166.20526315789473,-444.89,0.0,-166.20526315789473
1363295,32,0.0,0.0,13.66,4.8103125,-114.79,101.28,3.8700000000000006,-114.79,88.97,-0.9403125000000001
1363296,98,0.0,0.0,18.62,0.5680612244897959,-325.51,2224.69,-4.339795918367348,-325.51,2206.07,-4.905102040816324
1363297,44,0.0,0.0,11.35,0.25795454545454544,-321.33,859.04,17.027954545454545,-321.33,859.04,16.77
1363302,11,0.0,0.0,30.67,9.68909090909091,-503.79,2529.97,167.0881818181818,-503.79,2500.0,157.3990909090909
1363303,61,0.0,0.0,0.0,0.0,-260.71,1000.0,-16.39344262295082,-260.71,1000.0,-16.39344262295082
1363306,38,0.0,0.0,0.0,0.0,-240.74,522.07,-3.6157894736842078,-240.74,522.07,-3.6157894736842078
1363307,84,0.0,0.0,28.78,0.7923809523809524,-382.26,2031.14,16.077142857142857,-382.26,2002.36,15.300833333333333
1363308,33,0.0,0.0,32.37,1.5151515151515151,-331.44,2282.38,71.10333333333332,-331.44,2250.01,69.58818181818182
1363311,12,0.0,0.0,0.0,0.0,-826.87,0.0,-225.0,-826.87,0.0,-225.0
1363312,65,0.0,0.0,36.87,0.6489230769230769,-366.34,3610.67,-67.04338461538461,-366.34,3573.8,-67.6923076923077
1363313,25,0.0,0.0,12.34,1.3044,-225.64,787.71,35.8472,-225.64,775.37,34.5896
1363314,64,0.0,0.0,27.72,0.433125,-220.48,2420.88,32.10265625,-220.48,2393.16,31.669531249999995
1363316,28,0.0,0.0,12.84,5.258928571428571,-190.18,101.28,-2.9596428571428572,-190.18,88.6,-8.2025
1363317,32,0.0,0.0,14.73,0.4603125,-290.73,1060.82,23.538125,-290.73,1046.09,23.0778125
1363321,48,0.0,0.0,24.5,1.905,-767.11,1666.61,21.530833333333334,-767.11,1642.56,19.648333333333333
1363323,38,0.0,0.0,82.93,6.398684210526316,-1322.69,5384.21,143.37552631578947,-1322.69,5315.98,137.01236842105263
1363326,1,0.0,,,,,,,,,
1363327,47,0.0,0.0,29.6,2.5829787234042554,-302.39,224.63,-61.267872340425534,-302.39,195.57,-63.829787234042556
1363328,13,0.0,0.0,0.0,0.0,-293.58,283.65,-41.45615384615385,-293.58,283.65,-41.45615384615385
1363331,40,0.0,0.0,75.11,2.9515000000000002,-718.34,6776.64,135.68675000000002,-718.34,6701.53,132.74875
1363332,22,0.0,0.0,39.02,7.554090909090909,-549.8,1107.38,95.32545454545456,-549.8,1075.86,87.77136363636363
1363335,50,0.0,0.0,5.0,0.515,-419.95,619.28,-12.940199999999999,-419.95,618.58,-13.4552
1363342,81,0.0,0.0,19.8,1.3996296296296296,-411.9,1554.1,-10.75481481481481,-411.9,1542.24,-12.143333333333324
1363344,60,0.0,0.0,11.2,1.037,-495.0,868.38,-4.1335000000000015,-495.0,863.09,-5.165999999999997
1363345,45,0.0,0.0,33.89,6.553777777777778,-1097.41,1350.18,0.008888888888895963,-1097.41,1318.37,-6.520888888888895
1363348,63,0.0,0.0,17.87,1.0807936507936509,-680.44,1513.33,-23.812063492063498,-680.44,1506.27,-24.884285714285717
1363352,61,0.0,0.0,9.87,0.5393442622950819,-403.1,940.85,-2.8406557377049215,-403.1,936.2,-3.3696721311475426
1363353,69,0.0,0.0,14.7,1.2189855072463769,-973.08,3017.61,-13.628550724637675,-973.08,3002.91,-14.847536231884058
1363354,44,0.0,0.0,32.49,8.739545454545455,-194.95,227.44,2.35159090909091,-194.95,197.74,-6.387954545454545
1363355,44,0.0,0.0,30.63,2.724090909090909,-405.66,1659.98,56.18068181818182,-405.66,1645.52,53.46272727272728
1363356,55,0.0,0.0,6.79,0.7489090909090909,-243.36,543.04,-8.674727272727273,-243.36,537.65,-9.415454545454544
1363361,43,0.0,0.0,11.96,0.27813953488372095,-591.66,1137.92,9.280232558139536,-591.66,1137.92,9.002093023255815
1363364,75,0.0,0.0,20.66,0.2754666666666667,-420.5,1804.52,0.24733333333333368,-420.5,1783.86,-0.028133333333334083
1363365,23,0.0,0.0,26.62,2.786086956521739,-912.49,965.65,-88.52217391304347,-912.49,939.03,-91.30434782608695
1363370,40,0.0,0.0,4.15,0.59875,-384.38,729.62,-10.713999999999999,-384.38,727.2,-11.296999999999999
1363374,1,0.0,,,,,,,,,
1363377,64,0.0,0.0,9.92,0.54546875,-458.86,1438.27,-7.445312499999998,-458.86,1428.35,-7.9907812499999995
1363382,36,0.0,0.0,12.84,2.473888888888889,-203.75,101.28,-25.303888888888892,-203.75,90.82,-27.77777777777778
1363383,82,7.0,0.0,15.7,0.31378048780487805,0.0,712.49,13.354024390243902,0.0,697.42,13.04792682926829
1363384,55,0.0,0.0,75.77,1.8539999999999996,-826.92,5816.4,80.21400000000001,-826.92,5740.63,78.36000000000001
1363385,38,0.0,0.0,11.75,0.3092105263157895,-463.33,846.22,22.268947368421053,-463.33,834.47,21.959736842105265
1363387,32,0.0,0.0,12.84,4.7228125,-129.42,101.28,0.24062500000000098,-129.42,90.08,-4.456875
1363390,51,0.0,0.0,16.44,0.7098039215686274,-307.47,512.85,-35.8021568627451,-307.47,496.41,-36.48372549019608
1363392,33,0.0,0.0,12.84,4.571515151515152,-165.23,101.28,-0.4354545454545456,-165.23,90.34,-5.006969696969698
1363393,89,0.0,0.0,0.0,0.0,-339.52,1000.0,-11.235955056179776,-339.52,1000.0,-11.235955056179776
1363394,22,0.0,0.0,12.84,2.161818181818182,-219.8,101.28,-43.29272727272728,-219.8,94.77,-45.45454545454545
1363395,30,5.0,0.0,35.59,2.369666666666667,-200.0,1467.07,80.459,-200.0,1431.48,78.09233333333333
1363398,26,0.0,0.0,12.84,4.046153846153846,-495.22,101.28,-34.42923076923077,-495.22,95.27,-38.46153846153847
1363399,5,0.0,0.04,6.3,2.366,2.67,237.73,87.97399999999999,2.63,231.7,85.662
1363400,84,9.0,0.0,38.15,2.195,-200.0,2303.7,15.361785714285713,-200.0,2265.55,13.176428571428573
1363402,37,0.0,0.0,15.77,4.962432432432433,-106.69,121.54,2.784324324324326,-106.69,107.05,-2.1781081081081086
1363403,16,0.0,0.0,0.0,0.0,-399.61,122.91,-118.75,-399.61,122.91,-118.75
1363408,31,0.0,0.0,23.3,8.011935483870968,-430.09,182.31,-22.138387096774192,-430.09,164.82,-30.14161290322581
1363409,40,0.0,0.0,13.77,0.34425,-404.49,996.3,20.772249999999996,-404.49,996.3,20.427999999999997
1363410,1,0.0,,,,,,,,,
1363414,40,0.0,0.0,7.49,0.8985,-308.26,871.47,2.5504999999999987,-308.26,870.92,1.652
1363420,38,0.0,0.0,4.32,0.6023684210526316,-314.81,735.87,-22.728947368421053,-314.81,731.55,-23.312368421052632
1363421,60,0.0,0.0,32.76,2.173166666666667,-375.08,1304.38,35.71783333333334,-375.08,1289.83,33.558166666666665
1363422,29,0.0,0.0,26.91,10.860689655172413,-287.92,2106.7,71.27827586206895,-287.92,2080.0,60.41758620689655
1363426,40,0.0,0.0,25.47,2.6855,-724.27,1732.27,24.945500000000003,-724.27,1710.87,22.278
1363427,23,0.0,0.0,53.92,24.016521739130436,-1200.47,3104.42,135.1082608695652,-1200.47,3064.08,111.09173913043479
1363429,13,0.0,0.0,34.1,2.623076923076923,-315.04,2978.07,95.25615384615386,-315.04,2943.97,92.63307692307691
1363433,16,0.0,0.0,8.16,0.51,-178.8,587.48,36.7175,-178.8,579.32,36.2075
1363435,48,0.0,0.0,7.54,0.9127083333333333,-246.03,649.08,-1.3464583333333338,-246.03,645.99,-2.242291666666666
1363438,50,0.0,0.0,11.8,0.8048000000000001,-319.81,1089.13,7.486400000000006,-319.81,1085.38,6.6924
1363441,43,0.0,0.0,12.3,0.286046511627907,-414.32,866.19,19.392093023255818,-414.32,854.16,19.11232558139535
1363444,60,0.0,0.0,9.7,0.5341666666666666,-349.8,906.38,-16.132500000000004,-349.8,896.68,-16.66666666666667
1363447,16,0.0,0.0,11.37,0.710625,-218.24,101.14,-61.789375,-218.24,89.77,-62.5
1363448,42,0.0,0.0,17.97,3.808809523809524,-300.15,141.8,-29.52452380952381,-300.15,126.21,-33.333333333333336
1363449,49,0.0,0.0,13.97,0.28510204081632656,-522.98,1322.2,7.536938775510199,-522.98,1322.2,7.251836734693877
1363454,84,0.0,0.0,30.93,1.5342857142857143,-492.84,1815.88,17.413690476190478,-492.84,1784.95,15.879404761904766
1363455,25,0.0,0.0,0.0,0.0,-592.98,159.58,-207.71919999999997,-592.98,159.58,-207.71919999999997
1363457,60,0.0,0.0,46.56,3.938,-1064.7,5189.8,-22.700166666666664,-1064.7,5143.24,-26.636666666666663
1363458,40,0.0,0.0,11.46,1.564,-535.5,839.4,-12.762999999999998,-535.5,829.12,-14.3225
1363459,29,0.0,0.0,0.87,0.03,-420.6,265.88,-103.41827586206897,-420.6,265.01,-103.44827586206897
1363461,79,0.0,0.0,18.25,1.1283544303797468,-516.79,1775.86,0.6837974683544301,-516.79,1766.28,-0.443417721518987
1363462,42,0.0,0.0,32.69,9.01452380952381,-333.67,227.43,4.771666666666666,-333.67,198.14,-4.227857142857143
1363467,74,0.0,0.0,16.81,1.607837837837838,-425.46,1210.17,-2.547027027027026,-425.46,1208.62,-4.13662162162162
1363468,41,0.0,0.0,0.0,0.0,-578.93,1349.81,-134.14634146341464,-578.93,1349.81,-134.14634146341464
1363470,48,0.0,0.0,32.71,1.828125,-380.05,197.11,-102.35354166666667,-380.05,164.4,-104.16666666666667
1363471,53,0.0,0.0,4.52,0.19150943396226416,-471.6,1519.02,-60.745471698113214,-471.6,1514.5,-60.936981132075466
1363474,40,0.0,0.0,10.49,0.74525,-248.41,663.02,-16.82325,-248.41,654.32,-17.5685
1363475,48,0.0,0.0,40.57,1.7885416666666665,-569.89,2381.7,59.60583333333333,-569.89,2341.13,57.81729166666667
1363482,53,0.0,0.0,33.8,2.625471698113208,-381.17,1954.66,50.96377358490566,-381.17,1929.28,48.351886792452824
1363483,77,0.0,0.0,13.33,1.0338961038961039,-480.3,990.61,0.3348051948051941,-480.3,979.88,-0.697922077922078
1363484,39,0.0,0.0,12.21,0.3130769230769231,-466.58,879.22,12.080512820512821,-466.58,867.01,11.767435897435897
1363485,23,8.0,0.0,41.27,1.7943478260869568,-200.0,4202.51,139.23956521739132,-200.0,4161.24,137.44521739130434
1363486,38,10.0,0.0,0.0,0.0,0.0,0.0,0.0,0.0,0.0,0.0
1363492,29,0.0,0.0,91.15,33.21655172413793,-1301.88,719.12,-61.28068965517242,-1301.88,635.13,-94.49724137931037
1363493,1,0.0,,,,,,,,,
